id;date;notes
1;2024-12-17T02:06:29;../fake-data/blob/hipster.txt
2;2024-12-17T19:50:04;../fake-data/blob/hipster.txt
3;2024-12-17T23:41:17;../fake-data/blob/hipster.txt
4;2024-12-17T08:02:17;../fake-data/blob/hipster.txt
5;2024-12-17T07:59:36;../fake-data/blob/hipster.txt
6;2024-12-17T01:46:41;../fake-data/blob/hipster.txt
7;2024-12-17T09:14:06;../fake-data/blob/hipster.txt
8;2024-12-17T21:48:41;../fake-data/blob/hipster.txt
9;2024-12-17T03:54:48;../fake-data/blob/hipster.txt
10;2024-12-17T19:21:44;../fake-data/blob/hipster.txt
