id;first_name;last_name;email;phone_number;date_of_birth;address
1;Gregory;Klein;Jolie16@hotmail.com;from;2024-12-17T13:14:15;prudent
2;Otilia;Bergnaum;Elinor_Morar12@hotmail.com;formula;2024-12-17T22:25:46;uh-huh nor
3;Ulices;Farrell;Vicenta40@gmail.com;noon handsome;2024-12-17T05:45:45;pocket-watch airline
4;Ellis;Hessel;Imelda.Cummerata@hotmail.com;ah;2024-12-17T23:55:27;following fortunately
5;Easton;Kuhlman;Darian99@hotmail.com;archive where noteworthy;2024-12-17T15:37:26;pfft finally
6;Libby;Hermiston;Damaris72@hotmail.com;border;2024-12-17T23:13:06;brr sheepishly
7;Juliet;Medhurst;Freddie21@gmail.com;swath;2024-12-18T01:06:02;ugh questioningly boohoo
8;Rosalia;Dickens;Tressie_Johnston13@gmail.com;metallic;2024-12-17T01:56:10;woot please like
9;Marisa;Pagac-Bashirian;Edwin_Jast-Considine45@hotmail.com;ick until;2024-12-17T04:27:26;ah
10;Elwyn;Auer;Thurman15@yahoo.com;colorless;2024-12-17T16:18:47;always unless below
